Name,Telephone
AROYALSUITEINC,234-567-8901
AVARIETYOFSHADESLLC,1-800-347-1344
AKNAHASFURNITUREGALLERIES,201-746-9014
ACCORDDESIGNCENTER,201-869-4000
ACEFURNITURELLC,204-384-5990
ACOFURNITUREINC,205-648-3858
ACTIONWOODMFGINC,205-668-2121
ADLAHSONS,205-668-9995
AFFORDABLEFINEFURNOUTLET,205-795-4942
AFFORDABLEFURNMATTRESSGALLERY,205-853-4691
AFFORDABLEFURNITURE,205-923-7900
AFFORDABLEFURNITUREANDMATTRESSOUTLET,206-575-0811
AKIHOME,208-232-1011
AKINSFURNITURE,208-263-5138
ALSWOODCRAFT,208-343-7769
ALABAMAFURNITUREMARKET,208-448-2443
ALEXSFURNITURE,208-497-0100
ALISONCRAIGHOMEFURNISHINGS,208-523-9300
ALLAMERICANFURNMATTRESS,208-524-8200
ALLIEDCORPORATEFURNITURE,208-524-8400
ALLUREFURNMATTRESS,208-666-1525
ALMODISTRIBUTINGMNINC,208-733-3312
AMBERSFURNITURE,208-878-2341
AMERICASFURNITUREWAREHOUSE,208-878-5100
AMERICANFACTORYDIRECTFURN,208-882-4114
AMERICANFINEFURNISHING,208-983-1040
AMERICANFURNITUREGALLERIES,209-223-0788
AMERICANFURNITUREGALLERY,209-334-9411
AMERICANFURNITUREWAREHOUSE,209-358-6469
AMERICANHOME,209-462-9305
AMERICANLIVINGFURNITURE,209-462-9922
AMERICANOAKWHOLESALERS,209-472-1508
AMERICANSTYLEFURNISHING,209-473-9772
AMERICASMATTRESSOC(1STOP),209-524-1884
AMINISGALLERIAINC,209-527-3500
ANDERSONFURNITURECOINC,209-532-4700
ANDREASFURNITURE,209-571-1700
ANNETHOMPSONASSOCIATESINC,209-622-0035
ANNETTESHOUSEOFDECOR,209-631-3061
ANTIQUEADVENTURESLLC,209-632-7294
ANTONIETTAFURNITURE,209-670-7488
ARIZONAHOMEFURNITURE,209-824-4555
ARTVANFURNITURE-CONTAINERS,209-824-8800
ARTEDEMEXICO,209-824-9292
ASCENSIONFURNITURE,209-833-5087
ASHLEYSONMAIN,209-833-8000
ASHLYNFURNITURE,209-845-1822
ATHOMEFURNISHINGS-MESA,209-869-4444
AVANTIFURNITURE,209-943-0650
BFMYERSFURNCOINC,210-508-8919
BABETTES,210-824-8500
BACONSFURNITUREDESIGN,212-518-2752
BAERSFURNITURECOINC,212-518-2752
BAER-NELSONSFURNITURE,212-673-2184
BARNESHOMEFURNISHINGSLLC,213-377-8130
BARNETTSWANFURNITURE,214-557-2272
BARNEYSFURNITUREINC,214-560-0900
BARRONSFURNITURE,215-257-1932
BARRONSFURNITURE-LAKEELSI,215-627-3634
BARROWFINEFURNINC,215-736-9800
BBSFURNITUREMATTRESSGALLERY,215-7608464
BEACHCOMBERHOMELEISURELTD,217-251-6049
BECKSFURNITURE,217-355-6173
BEDROOMSOFADISCOUNTERS,217-789-1926
BEDSETC/CLERMONTFURNINC,218-333-3601
BELLASFURNTURE-MERCED,219-365-8362
BESTDEALMATTRESSFURNITURE,219-736-1100
BIANCASFURNITURE,224-601-5350
BIGSCREENSTORETHE,225-644-7583
BIGSFURNITURE(FORMERAARON),225-673-1132
BIGGERSTAFFFURNITURECOINC,225-686-7238
BILLCOXFURNITURE,225-926-3380
BILLSHOMEFURNISHINGS,229-382-4002
BLACKLEDGEFURNITURE,229-387-9310
BLACKLIONINTL,229-439-2391
BLACKSTONEEMPORIUM,229-686-5346
BLOCKERSFURNITURE-FL,229-888-3933
BOAZFURNITUREAPPLIANCE,239-274-8898
BOBBYBOWDONSDISCOUNTFURN,239-425-9696
BORDELONSHOMEFURNISHINGS,239-434-2227
BOULEVARDHOMEFURNISHNGS,239-482-7744
BOWLINGGREENHOMEFURNISHINGS,239-542-0164
BRANDONHOUSE,239-574-3545
BRANDONSAUCTION,239-594-1555
BRASSOAKGALLERIES,239-657-9341
BRAUNSJUVENILEFURNITURE,240-681-1547
BRETTINTERIORS,240-681-1547
BREWSKYSDESIGN,248-960-3800
BROOKSFURNEXPRESS,250-542-3399
BROOKSFURNITURE(FL),251-457-5569
BROOKSFURNITURECOMPANY,251-476-8555
BUILDERSMODELHOMEFURNITURE,251-476-8746
BUILDERSDESIGN,252-758-2513
BULLARDFURNITUREINC,252-764-9659
BURDORFSFURNISHINGSFLOORI,253-863-0422
BURNETTFURNITUREINC,256-233-0235
CAJUNBROSFURNITURE,256-233-7681
CARLHATCHERFURNITURE,256-829-0740
CAROLINASELECTFURNITURE,256-845-2057
CARPETWEAVERSINC,256-882-9999
CARPETWORLDUSA-FURNGALLERY,260-489-4000
CARTERSFURNITUREINC,260-589-2314
CASABELLAHOMEFURNISHINGS,262-248-6268
CASADELASLOMAS,267-350-2787
CASADIITALIAINC,267-847-2243
CASTLEFINEFURNITURE(FONDREN),269-429-6444
CASTLEFURNITURE(NORTHFWY),269-945-2091
CEDARROCKHOMEFURNISHINGS,270-242-9529
CENTRALFURNITURE,270-247-4488
CENTRALRADIO,270-374-5008
CENTURYFURNITUREINC,270-465-5854
CHAIROUTLET,270-527-1975
CHAMPLINSFURNITURE,270-586-4711
CHARLIESFURNITURE,270-684-6206
CHAVISFURNITURELLC,270-737-2431
CHAZININTERIORS,270-780-0376
CHERRYLALANDESIGN,270-782-5619
CHOICELEATHERFURNITURE,270-886-8121
CHRISMILLERFURNITURECOINC,270-932-4605
CHUCKSFURNITURE,281-208-3030
CHURCHILLCORPORATESERVICESINC,281-341-7788
CINCINNATIOVERSTOCK,281-347-5289
CITYCREEKFURNITURE,281-354-1929
CITYFURNITURE-CA,281-405-0900
CITYLIQUIDATORSINC,281-579-7827
CKSINTERIORSINC,281-592-0509
CLARKSONSFURNITURECOINC,301-299-3202
CLASSICHOME,301-590-1100
CLASSICINTERIORS,301-694-7162
CLAUSSENSFURNITURE,302-654-9916
CLIFTONFURNITURE,302-834-9145
CLPHOMEFURNISHINGSINC,302-836-6000
COACHHOUSEANTIQUESBOUTIQUE,302-875-5955
COFFEYDISCOUNTFURNITUREINC,303-443-5692
COHENSFURNITURE,303-979-1200
COLLEENSCLASSICCONSIGNMENT,304-232-8690
COLLIERSFURNITUREEXPO,304-292-7621
COLONYHOUSEFURNITURE,304-344-2421
COMEAUXFURNITUREAPPLIANCE,304-624-7401
COMFORTFURNITURE-CA,304-752-4190
COMFORTLIVINGFURNITUREINC,305-471-4706
COMMERICALTVAPPLIANCEINC,305-624-9700
COMPLETETRANSPORT(CTS),307-347-6548
CONSUMERSFURNITURE,307-527-5990
COOKEVILLEWHOLESALEFURNITUREINC,307-548-2269
CORTATEFURNITURELLC,307-674-7192
CORVINSFURNITURE-BARDSTOWN,307-684-7048
CORVINSFURNITURE-ELIZABETH,308-532-4092
COSTPLUSFURNITURE,309-357-3578
COSTRITEFURNITURE,310-370-1607
COUCHPOTATOHOMEACCENTSFURN,310-370-3939
COXWAREHOUSE,310-436-8160
CRAIGS-TX,313-567-7470
CRANDALLSHOMEFURNISHINGS,313-582-3500
CRAZYBERNIE,313-841-1200
CREATIVEINTERIORS,314-447-1546
CREGDAMRONFURNITURE,314-822-4000
CRIBS2TEEN(ASTHEYGROW),315-316-0051
CROWNFURNITUREINC,315-738-7976
CURACAO,317-337-1400
DLFURNITURE,317-558-4642
DALLASDESKINC,317-896-3832
DANIELSHOMECENTER,318-322-3846
DANTOFURNITURECOMPANY,318-339-7257
DARVINFURNITURE,318-704-6494
DAVISFURNITURE,318-865-7151
DCFURNITURECOMPANY,319-266-3535
DEBORAHS1STCLASSINTERIORS,319-363-9634
DECOROFCARLSBAD,320-252-8484
DECORSTORETHE,320-983-3969
DESAVAMARKETINGLLC,321-636-4348
DESIGNCENTER-ORANGE,323-235-9377
DESIGNCENTER-LAHABRA,323-721-7050
DESIGNSOURCEFURNITURE,325-673-8354
DEYOUNGINTERIORS,325-677-3368
DILAFURNITUREINC,325-949-6400
DILDAYTV,330-549-3901
DIRECTPLUSINC,330-628-9075
DISCOUNTFURNITUREOUTLET,330-629-8989
DKOENTERPRISESLP(FURNMARK,330-634-9840
DONSFURNITUREWAREHOUSE,330-682-4926
DUNLAPFURNITUREDISTRIBUTORSLLC,330-852-2494
EHHAMILTONTRUCKING,330-963-1900
EASYLIVINFURNITUREINC,334-222-6650
ECONOMYFURNITURECO,334-272-3164
EDDIESFURNITURE,334-347-3441
EDDINSFURNITURE,334-742-0607
EDISONFURNITURE,334-792-6111
EDMONDFURNITUREGALLERY,334-793-2095
ELDORADOFURNITURE,336-246-5647
ELPROGRESOFURNITURE,336-841-5664
ELAMSHOMEFURNISHINGS,337-369-7082
ELEGANTHOMEFURNISHINGS,337-474-1819
ELIZABETHCOLELLC,337-788-0054
ELLEROWENSFURNITURE,337-993-3303
EMPIREFURNITURE,346-571-2004
ENGLISHHOMEFURNITUREINC,347-587-5566
ERHARDFURNITUREANDFLOORINGLLC,352-245-5007
ERICKSONFURNITURE,352-335-5263
ETHANFURNITURE,352-394-5550
EUROCLASSICFURNITURE,352-435-6131
EVANSVILLEOVERSTOCKWAREHOUSE,352-527-2558
EVERYBLOOMNTHING(EBT),352-728-5600
EWAYFURNITURE,352-732-4296
EXCLUSIVEUNIQUEFURNITURE,352-746-4015
EXPOFURNITUREGALLERY,352-796-3340
FACTORYDIRECTFURNITURE,360-260-4521
FACTORYDIRECTFURNITURE-SC,360-293-8444
FACTORYFURNITURE,360-354-5554
FACTORYFURNITURECO(TN),360-357-6342
FAMILYFURNOFAMERICAENT,360-373-0374
FAMILYFURNITURE,360-377-5582
FAMILYFURNITURECARPETINC,360-384-3388
FAMILYLEISURE,360-384-8900
FAMOUSFURNITURE,360-424-7188
FARBELOWRETAIL,360-491-0700
FARMERSHOMEFURNISHINGS,360-532-2260
FARMERSFURNITURE,360-575-9804
FASHIONFURNITURETHE-SACRAMENTO,360-694-2571
FECERASFURNITURE,360-736-1353
FELDKAMPSFURNITURE,360-834-1793
FENSOFMARABELLA,361-573-3269
FINELIVINGFURNITURE,361-991-1517
FINESSEHOMELIVING,386-255-8532
FIRESIDEFURNITURE,401-737-0100
FIVESTARFURNITURE,402-362-3360
FLINTMATTRESSFURNITURE,402-376-1360
FOSFURNITURE,402-423-2800
FOTIFURNITURE,402-665-3151
FOXFURNITURE,402-829-7984
FRANKSFURNITURE,403-246-6266
FRIENDLYFURNITURECOMPANY,403-291-3858
FURNITUREMATTRESSDEPOT,405-235-3131
FURNITUREMATTRESSOUTLET,405-238-3992
FURNITUREMATTRESSWHSEINC,405-330-4554
FURNITUREMORE(CHINO),405-745-1795
FURNITUREMOREFORLESS,405-942-9222
FURNITURE4LESS,406-234-1958
FURNITURE4LESS-SALINAS,406-265-2278
FURNITURE4LESS-NAPA,406-293-2707
FURNITUREBARN,406-294-6565
FURNITUREBARN-DE,406-363-1943
FURNITURECENTER,406-388-7570
FURNITURECITY-FRESNO,406-433-1402
FURNITURECITY-TX,406-442-2710
FURNITURECITY-SANTAANA,406-442-7234
FURNITURECONCEPTS1INC,406-535-3443
FURNITURECONNECTIONTHE,406-538-7571
FURNITURECONNEXTION-TUCSON,406-587-0342
FURNITURECOUNTRYCORP,406-653-2433
FURNITUREDEALTHE,406-676-5500
FURNITUREDECORSHOWROOMINC,406-683-4321
FURNITUREDEPOTI,406-721-1340
FURNITUREDEPOTTHE,406-721-2955
FURNITUREDOULOUREX,406-755-6033
FURNITUREEXPO(SALINAS),406-761-2661
FURNITUREEXPO-NJ,406-765-2552
FURNITUREFACTORY-MESA,406-778-3618
FURNITUREFAIR,406-782-4231
FURNITUREFASHIONSLLP,406-846-3311
FURNITUREGALLERY-NORTHRIDGE,406-873-5263
FURNITUREGALLERYTHE,406-883-4177
FURNITUREGALLERYTHE-ALEXANDRIA,40-688-8881
FURNITUREGALLERY-COVINA,407-275-5554 EXT3031
FURNITUREHOUSETHE(VA),407-295-1400
FURNITUREINTERIORS,407-323-9644
FURNITURELADYTHE,407-422-5621
FURNITURELOOKINCTHE,407-438-8756
FURNITUREMARKET,407-518-1383
FURNITUREMARKETPLACE,407-628-1008
FURNITUREMART,407-730-2900
FURNITUREMART-LIBERAL,407-730-2900
FURNITUREMATTRESSOUTLET(CA),407-772-1000
FURNITURENMORE,407-965-1818
FURNITURENOW-VALENCIA,408-279-2076
FURNITUREOUTLET,408-286-8500
FURNITUREOUTLET-FL,408-296-7393
FURNITUREOUTLET-SACRAMENTO,408-360-9300
FURNITUREPLACELLCTHE,408-842-2800
FURNITUREPLANET,408-846-5380
FURNITUREPLUSINC,409-755-4540
FURNITUREPROS,409-762-7821
FURNITUREREVOLUTION-CA,409-832-2544  X143
FURNITURESOLUTIONS-AZ,409-982-9242
FURNITURESTORE-VICTORVILLE,410-602-8800
FURNITURETOWNPLUSINC,410-615-1132
FURNITUREVILLAGE,410-661-6600
FURNITUREWAREHOUSE-CA,412-653-3548
FURNITUREWORLD,413-684-6199
FURNITUREWORLD-TN,415-637-0067
GLFURNITURE,417-781-5364
GAILSFURNITUREINC,419-355-1111
GALLERIAFURNITURE,419-625-5300
GALLERYFURNITURE-BEAVERTON,419-695-6045
GALLERYFURNITURE-NY,423-240-0883
GALLERYFURNITURE-ORLANDO,423-282-4951
GALLERYFURNITURELLC,423-745-3752
GARDELLAFURNITURE,425-213-3925
GARDNERDISCOUNTFURNITURE,425-259-3876
GARNANDFURNITURE,432-682-2843
GESAPARAGUAYSA,434-292-3330
GIBSONFURNITURE,434-447-4200
GILBERTSFURNITURE,435-628-2900
GILLBROSFURNITURE,435-635-7630
GILLIAMTHOMPSONFURNITURE,435-637-5776
GILMOREFURNITURE,435-673-2323
GLIDDENFURNITUREINC,435-688-1722
GODBYSHOMEFURNISHINGS,435-752-4529
GOINSHOMEFURNISHINGS,435-753-1126
GOREESFURNITURE,435-789-0525
GRANADAOAK,435-789-4721
GRANDDESIGNFURNITURE,435-882-0964
GRANDFURNITURE(GA),435-986-3182
GRANDFURNITUREOFSTOCKBRIDGE,440-277-4386
GRANGERMEDICALCLINIC,440-322-0071
GREATAMERICANWOODCRAFTERS,443-412-5278
GREATBRIDGEFURNITURE,478-275-4805
GREEMANNSFURNITUREDESIGN,478-474-1340
GROSSMANFURNITURE,478-922-6117
GUYMONFURNITURE,478-987-1584
HHAPPLIEDELECTRONICS,479-282-1380
HABEGGERFURNITUREINC,479-444-7300
HACIENDAFURNITURE,479-636-2608
HAMILTONSFINEFURNITURE,480-633-1201
HANKSFURNITURE,480-726-7400
HANSENSFURNITURE,480-786-0777
HARMONFURNITURE,480-813-6311
HARRINGTONHOMEFURNITURE,480-834-3888
HARTFURNITURE/LANDMARKHOMEFURNISHINGS,480-835-7796
HAUSHOMEINC,480-837-4879
HAUSERFURNITURE,480-838-7200
HAYNESBROTHERS,480-898-3124
HBHOMESTYLEFURNITUREINC,480-899-4098
HEAVENONEARTHFURNITUREINC,480-985-9150
HECTORSFINEFURNITURE,501-336-9497
HEMISPHERES,501-542-1000
HENDERSONFURNITURE-CA,501-907-7777
HENNENFURNITUREINC,502-227-9720
HERBHAYESFURNITURE,502-348-7474
HIDESERTFURNITUREINC,502-484-2358
HIGHPOINTFURN(AL),502-694-0081
HIGHPOINTFURNITURE,502-719-9700
HIGHPOINTFURNITURESALES,502-955-1654
HIGHLANDPARKFURNITURE,503-263-2025
HILIFEFURNITUREINC,503-362-7716
HOMFURNITURE,503-399-1311
HOMECOMFORTDESIGNINC,503-520-1028
HOMEDECORFURNITUREMATTRESS,503-598-9948
HOMEELEMENTSCORP(RUSSIA),503-654-8609
HOMEEXPRESS,503-674-0414
HOMEEXPRESSIONS,503-738-8999
HOMEFASHIONCENTERINC,503-771-0551
HOMEFURNISHINGS,503-926-3797
HOMEFURNISHINGSOFNJLLC,504-207-6278
HOMEFURNITURELLC-KY,504-304-0088
HOMEFURNITURE-CAMARILLO,504-378-1000
HOMEGALLERY-RANCHOCORDOVA,504-831-1365
HOMEINTERIORFURNITURE,504-947-0606
HOMELIFEFURNISHINGS-FAIRFIELD,505-326-0713
HOMELIFEFURNISHINGS-VACAVILLE,505-425-7398
HOMELIFEFURNITURE,505-792-8300
HOMEPLACEFURNITURELLC,505-830-0380
HOMESPACES(FORMATHOME),505-883-2117
HOMESTYLESFURNITURESTORES,507-228-2222
HOMEWORKSINTERIORSLLC,507-334-4364
HOMELIFELLC,507-376-3121
HOMESTEADHOUSE,508-379-7510
HOMESTORESOUTLET,508-755-5276
HOMESTYLEFURNITURE,508-999-4844
HOUSEHOLDFURNITURE,509-3534121
HOYTHIGHFILLASSOCIATES,509-663-4814
HUBBARDHOKEFURNITURE,509-701-1737
HUDSONSFURNITURE,509-765-7521
HUTSONFURNITURE,509-925-9828
ICONFURNITURE,509-925-9828
IDEALFURNITUREINC,510-656-2880
IMEXFURNITURE,510-795-2775
INSTYLEFURNTURE,510-797-4882
INYOUROFFICE-LAGUNAHILLS,512-292-6744
INHOMEFURNITUREGALLERYINC,512-326-5557
INSIDEIDEAS,512-353-2200
INTERIORFURNITURE,512-380-0755
INTERIORSDESIGNEDBYLISAINC,512-380-0755
JJFURNITURECOINC,513-539-7307
JKHOMEFURNISHINGS,513-738-4200
JMINTERIORSANDDESIGNLLC,513-874-5553
JMFURNITURE,516-280-7662
JVQUALITYFURNITURELLC,516-345-1247
JACKSONVILLEFURNMART,516-532-4610
JAMESANDLAWCOTHE,516-532-4610
JANEENSFURNITUREGALLERY,516-799-3500
JASMFURNITURE,517-278-4487
JASONSOAKFURNITURE,517-523-2178
JEMFURNITURELIQUIDATORS,517-782-8208
JENIFERSFURNITURE,518-438-9600
JENNERSFURNITURE,520-303-7700
JENNIFERSDISCOUNTGIFTS,520-321-4090
JEROMES,520-390-0985
JERSEYGARDENSFURNITURELLC,520-423-8237
JHINTERIORS,520-624-7443
JOELJONESFURNITURE,520-733-9896
JOHNNYJANOSIKINC,520-887-7535
JOHNNYSFURNITUREMART,530-622-6478
JOHNSONSHOMEFURNISHINGS,530-674-8746
JUDYSWHOLESALEFURNITURE,530-743-7766
KKHOMEFURNISHINGS,530-763-4140
KANEFURNITURECORPORATION,530-894-2993
KAPLANSFURNITURE,540-834-0740
KAROBWAYFURNITURE,540-898-3500
KATELINSFINEFURNITURE,541-476-4627
KELLYSFURNITURESTORE,541-548-2066
KEN-MAR,541-726-6221
KENTFURNITUREINC,541-753-4851
KERBYSFURNITURE,541-830-1110
KETTLERIVERFURNITUREINC,541-850-8952
KEYHOMEFURNISHINGSINC,541-868-1007
KIMBRELLSFURNITURE,541-923-4155
KINGSFURNITUREMATTRESS,541-963-5440
KIRKIMPORTSINC,541-967-8259
KITTLESHOMEFURNISHINGS,541-996-2177
KLAUSSNERHOME,559-222-0807
KLUVERSOFCLINTON,559-228-0212
KRUMREYHOMEFURNISHINGS,559-268-0151
KYSERFURNITUREINTERIORS,559-275-9700
LABELLAVITA,559-431-1217
LA-Z-BOYFURNITUREGALLERIES,559-438-8080
LACKSVALLEYSTORES,559-440-9600
LAKEWOODFURNITUREGALLERIES,559-582-2538
LASTICKFURNITUREFLOORING,559-625-8080
LAVODAFURNITURE,559-625-8884
LEATHERHOMEINTERIORS,559-686-2388
LEATHERGALLERY,561-683-3355
LEESFURNITURE,561-844-1556
LENNYSFURNITURE,562-396-7489
LEONFURNITURE,562-402-2335
LESLIEDINETTESINC,562-691-2289
LEVEL1FURNITUREINC,562-865-9591
LEVINFURNITURE,562-905-2044
LEWISFURNITURE,562-943-2123
LEXINGTONOVERSTOCKWAREHOUSE,571-572-3150
LFDFURNITURE,573-221-5008
LIDDIARDHOMEFURNISHINGS,573-334-6251
LIFESTYLEFURNITUREMATTRESS,573-346-7400
LIFESTYLEFURNITURE-FRESNO,573-368-4050
LILYAMERICANFURNITURE,575-392-6508
LINCOLNMATTRESSFURNITURECO,575-523-6951
LINDASFURNITURE,575-746-9402
LINDSAYFURNITURECO,575-885-8878
LINDSEYOFFICEFURNISHINGSINC,575-887-1106
LINDYSFURNITURE,580-225-1333
LIONPROPERTIES,580-225-4006
LIVINGSPACES(ARKANSAS),580-256-2426
LIVINGSPACESFURNITURE,580-256-5260
LLCCOMFORT,580-286-3935
LOCALFURNITUREOUTLET,580-323-3074
LOEWENS,580-338-5858
LOIDASFURNITUREWAREHOUSE,580-355-7425
LONGSTREETLIVING,580-436-1050
LOTTFURNITURE,580-622-3534
LOUISMOHANAFURNITUREINC,580-920-0520
LOUISVILLEOVERSTOCKLLC,586-727-7001
LOVELANDFURNITUREDECOR,586-939-0800
LOWERVALLEYFURNITURE,601-307-8550
LYNNSOAKSHOPPEINC,601-483-4717
MKATZSONS,601-684-4551
MDPRUITTS,601-926-1696
MAAKFURNITURE,601-939-9306
MACONFURNITUREMART,602-253-4727
MAGNOLIAHOUSE,602-462-5006
MAHOGANYANDMOREINC,602-765-1507
MAISELLEFURNITURE,602-943-2582
MANNINGFURNITURE,602-956-1991
MANSIONFURNITURE,604-522-5144
MARCOCRAFTMASTERSINC,605-225-1900
MARKETPLACEHOMEFURNISHINGSLLC,605-226-0247
MARLINSFURNITURE,605-239-4311
MARTYRAESFURNITURE,605-332-3312
MARYSWHOLESALEFURNITURE,605-332-4400
MATTRESSPLANET,605-348-5100
MAYBERRYSFURNITURE,605-352-5080
MCALEERSOFFICEFURNITURE,605-642-8604
MCARTHURFINEFURNITURE,605-665-4416
MCCORMICKSINC,605-692-4422
MEALEYSFURNITURE,605-996-6900
MEANSFURNITUREINC,606-433-0595
MERINOSFURNITURE,606-679-8051
MERMAIDMADNESS,606-864-4061
MERRIMANSFURNITUREINC,606-886-9656
MESSENGERSHOMEFURNISHINGS,606-928-6453
METLERINTERIORS,607-433-0585
MFX,607-729-5775
MICHAELANTHONYFURNITURE,609-625-5600
MICHAELFURNITURE-VANNUYS,609-698-8838
MICHAELSFINEFURNITURE,609-924-0147
MICHAELSFURNITURE(BRICKNJ),610-258-6186
MID-AMERICAFURNITURE,610-323-4000
MILACAUNCLAIMEDFREIGHT,610-650-4000
MILLENNIUMHOMEFURNISHINGS,610-666-6500
MINERVASFURNITURE,610-898-7888
MINERVASFURNITURE-LODI,610-932-3600
MIRAGEFURNITURE,614-203-6126
MISSIONFURNITURE,614-345-0200
MISSOURIFURNITUREINC,615-444-2864
MITCHELLFURNITUREINC,615-452-4420
MOBLEYFURNITURE,615-641-7665
MODELHOMEFURNISHINGSINC,615-859-1301
MOGHELISFURNITURE,615-896-3889
MOJAVEHOMECENTERINC,616-292-4037
MOLINOHOMEFURNISHINGS,616-669-1030
MONARCHAPPLIANCEFURNITURE,617-500-4169
MONDAYCOMPANYINCTHE,617-532-6150
MOOREFURNITURECO,618-242-3146
MOORESDISCOUNTFURNITURE,618-298-2474
MOORESHOMEFURNISHINGS,618-318-0616
MORFURNITUREFORLESSINC,618-443-3494
MORRISFURNITURECOINC,618-451-2873
MUEBLERIADELSOLINC,618-483-5144
MUENCHENSFURNITURELLC,618-656-5111
MUUDUUFURNITURE,619-425-2660
MYFAMILYFURNITUREBEDDING,619-426-2727
MYHOMEFURNISHINGCENTERINC,619-429-1777
NASSAUS,619-442-9233
NATYSFURNITURE,620-275-4197
NEBRASKAFURNMART,620-276-2326
NELSONSHOMEFURNISHINGSLLC,620-624-7411
NEWCONCEPTSFURNITURE,623-208-7585
NEWMANUFACTURECLEARANCEWHSE,623-330-5131
NICKANDSONSFURNITUREOUTLET,623-486-0333
NICKSFURNITUREOFSUGARGROV,623-536-0333
NINOMADIAFURNITURE,623-572-9516
NOBLEBOYS,623-932-9599
NOBLEFURNITURECORP,626-292-1301
NORMANFURNITURE,626-339-3138
NORRISMERCHANDISEINC,626-339-6964
NORTHCAROLINAFURNDIRECT-TX,626-356-9424
NORTHCAROLINAFURNITURE,626-961-2617
NORTHERNWOODCRAFTERS,626-964-5522
OAKMORE,630-285-8000
OAKFURNITUREDEPOT,630-466-5222
OAKTREE-YUMA,631-236-4343
OFFICEFURNITUREEXPO,631-289-9500
OFFICEFURNITUREOUTLETINC,631-331-6409
OFFICEPROS,631-475-2531
OGDENSFLOORINGDESIGN,636-207-7277
OLDCANNERYFURNTHE,636-537-9200
OLDTOWNFURNITUREINC,646-269-8822
OLINDEFURNITURE,657-217-5718
OMEGAGROUPLLC,660-562-0003
ONESTOPHOMEFURNISHINGS,660-679-5445
ONETENHOMEFURNISHINGS,661-201-9164
ORANGEPARKFURNITURE,661-259-7011
ORVINFURNITURE,661-259-9609
PACHECO,661-326-0700
PALMERFURNITUREINC,661-327-2747
PALMETTOFURNITURECOINC,661-631-0299
PAPERDOLLS,661-763-1220
PASSPORTFURNISHINGSLLC,661-799-3401
PEAKFURNITURESALESINC,661-799-3401
PHELANSINC,661-942-1103
PHILLIPSFURNITUREOUTLETINC,661-945-7609
PICTUREPERFECTINTERIORSLLC,662-448-1025
PIERCEFURNITUREINC,678-255-1000
PINAFURNITURE,678-475-7166
PINSONVALLEYFURNITURE,678-565-0502
PLAZAFURNITURE,678-730-6000
POPEFURNITUREINC,701-228-2208
POSTMASFURNITURE,701-483-6760
PRECIOUSCARGO,701-523-3737
PREMIERFURNITURE-OXNARD,701-662-6273
PREMIERFURNITUREGALLERYINC,701-776-5887
PRICESFURNITUREINC,702-220-4004
PRIMETIMELEASING,702-247-7602
PUGHFURNITURECO,702-252-0111
PVIOFFICEFURNITURE,702-283-3706
QUALITYFURNITUREHOMEDESIGN,702-384-9300
QUALITYFURNITUREDISCOUNTS,702-434-1694
RCWILLEYHOMEFURN,702-434-3408
RAILWAYFREIGHTFURNITURE,702-453-5655
RAILWAYFREIGHTOFTIFTON,702-562-9418
RANAFURNITURE,702-656-2822
RAYMONDALLYNOFFICEFURNITURE,703-330-2100
REALDEALSONFURNITURE,703-406-7600
REEDSFURN-AGOURAHILLS,703-822-8200
REGALHOUSEGALLERYLLC,704-482-8464
REGENCYFURNITUREINC,704-523-3424
REGENCYFURNITUREINC-CTR,704-542-1620 ext 231
RENAISSANCEFURNITURE,704-660-0445
RETAILSERVICESYSTEMSINC,704-865-4310
RHYNESRHODES(ADA),704-889-4393
RHYNESRHODESFURNITURE,706-232-4557
RICKSFURNITURE,706-367-8089
RICKSFURNITUREINC,706-447-4473
RICKSPICKS,706-543-6938
RIDERFURNITURE,706-685-8368
RIDGEMONTFURNITUREGALLERIES,707-224-8485
RITASDISCOUNTFURNITURE,707-399-0502
RIVERVIEWGALLERIESLLC,707-452-8235
ROBERTSTARRFURNITUREINC,707-525-8747
ROBINSONSFURNITUREBEDDINGHOMEDECOR,707-575-8287
ROBISONFURNITURE(FURNISHIT),707-642-4396
ROBYSFURNITURE,707-645-8301
ROCKERWORLDOFAZINC,707-803-5429
ROCKYMOUNTIANFURNITURE,708-460-4100
RODMGLASSCOLLC,708-679-6000
ROMAFURNITUREMATTRESSINC,712-737-4923
ROOMCOTHE,713-366-7900
ROOMSOLUTIONS,713-773-0606
ROOMSTOGO,713-972-1633
ROOMSXPRESS,713-974-7008
ROOMSTOREINC,714-288-0530
ROSEWOODFURNITURE,714-288-9421
ROSSFURNITURECO-MS,714-289-2343
ROSSFURNITURE-LANCASTER,714-393-3340
ROYALFURNITURE,714-447-3806
ROYALFURNITURE#2,714-522-0930
ROYALFURNITURE(FRESNO),714-523-8083
ROYALFURNITURE(TX),714-530-3183
RUNIONSFURNITURE,714-531-5255
RUSTICACRES,714-534-4409
SSFURNITURECO,714-544-5470
SALMONSFURNGALLERIES,714-549-2222
SALTCREEKFURNITURE,714-569-0690
SALVAGEWORLD,714-631-8888
SAMLEVITZ,714-637-3619
SAMSFURNITUREBEDDING,714-736-0577
SANCTUARYHOMEFURNISHINGS,714-751-8922
SANSACOHOMEFURNISHINGS,714-820-8302
SANTEEFURNITUREWORLD,714-999-1285
SAXONYHOUSEFURNITUREINC,715-736-0233
SCHNELLPESTINGERINC,716-763-8589
SCHOLETFURNITURE,717-272-5640
SELAHDESIGNSTUDIO,717-724-2121
SELMERSHOMEFURNISHINGS,718-236-5645
SERRANOSFURNITURE,718-256-5660
SERRANOSFURNITURE-BAKERSFIELD,718-965-1340
SHERISHOMEINTERIORS,718-972-7632
SIERRAFURNITURECO,718-983-1100
SIMMSLIFESTYLEFURNITURE,719-636-9310
SIMPLYDISCOUNTFURNITURE,720-583-0060
SIMPSONFURNITURE,724-297-5864
SIMSFURNITUREGALLERIESLLC,724-349-1720
SITTINGPRETTYINC,724-643-4400
SKEENFURNITURECO,724-872-2050
SKEROSFURNITURE,727-545-9555
SLEEPSIT,727-868-9300
SLEEPANDRELAXCENTERTHE,731-261-2492
SLEEPEZZZ(FORMERLYCREECH),731-352-7591
SMARTBUYFURNITURE,731-498-8161
SMITHFURNITUREGALLERY,731-584-4757
SOFAFACTORY,731-668-3000
SOFASMORELLC,731-847-3491
SOFASETCLLC-VENTURA,732-446-2535
SOFASETC,732-698-9221
SOMETHINGSPECIALHOME,732-898-0651
SONORATRADINGPOST,732-901-5522
SOUTHERNHOSPITALITYWHOLESALE,732-920-0045
SOUTHSIDEFURNITURE,732-922-9200
SPARKSHOMEFURNISHINGS,734-282-2155
SPARROWSHOMEFURNISHINGS,740-264-1615
SQUANFURNITURE,740-452-1231
STANLEYSFURNITURE-PATCHOGUE,757-482-6622
STARFINEFURNITURE,757-539-6361
STARFURNITURE,760-241-3500
STARFURNITURE-BAKERSFIELD,760-245-3731
STEARNSFURNITURECOMPANY,760-371-1361
STEFFYHOMEFURNISHINGS,760-618-5533
STEPHIESFURNITURE,760-744-4251
STEWARTROTHSOAKCONNECTION,760-955-6955
STITESHOMEFURNISHINGSLLC,763-767-3600
STOREROOM(THE),765-453-0504
STOWSOFFICEFURNITUREINC,765-647-4875
STUCKEYFURNITURESHOWROOMS,765-759-5300
SUBURBANFURNITURE,770-212-9294
SUMMERHOMEFURNITURE,770-287-7767
SUPERIORFURNITURE,770-331-6600
SUPERNOVAFURNITURE,770-429-5550
SUTTONSFURNITUREINC,770-446-6114 X. 121
TKFURNITURE,770-455-0440
TDSFINEFURNITUREOUTLET,770-469-2198
TARHEELFURNITUREGALLERY,770-562-4444
TARHEELHOMEFURNISHINGS,770-594-1414
TARPONFURNITURE,770-664-9544
TERRYSFURNITURESHOWROOM,770-993-0640
TEXASFURNITURE,772-569-1050
TGIFURNITURE,772-692-2311
THECABINSTOREINC,773-761-2106
THECLEVELANDFURNITURECO,775-623-3060
THECOUCHPOTATO,775-626-6890
THEFINDFURNITUREWAREHOUSE,775-727-0440
THEFURNITUREBARN(CONNIES),775-883-3333
THEFURNITURESUPERSTOREINC,780-444-7100
THERESNOPLACELIKEHOME,781-344-9988
THOMPSONSCOUNTRYFURNITUREC,781-395-4131
THORNAPPLEFLOORINGANDFURNITURE,781-843-2442
THORNTONSHOMEFURNISHINGS,785-242-4446
THYMEWORNTREASURES,785-539-4466
TIMBERLAKESFURNITURE,785-625-4800
TISTASFURNITURE,785-628-6263
TODAYFURNITUREACCESSORIES,785-738-3624
TODAYSDESIGN,786-264-6730
TOMSFARMSLLC,800-275-4148
TONDEEFURNITURE,800-380-9344
TOUCHOFWOODINCTHE,800-604-2450
TOVASA,800-626-6060
TOWNCOUNTRYFURNMARKET(NC),800-970-5889
TOWNFURNITURE,801-225-2555
TOWNEFURNITURE,801-298-4405
TRADITIONSINTERIORSLLC,801-377-2321
TRENDFURNITUREINC,801-393-1800
TRI-DIAMONDFURNISHINGS,801-414-1265
TROPICALFURNITUREGALLERY,801-461-3900
TUCCISLLC,801-487-3992
TUCKERSFURNITUREAPPLIANCE,801-497-9942
TUCKERSVALLEYFURNITUREINC,801-518-3046
TURNERFURNITUREINC-LANCASTER,801-523-8558
TUSCANYFINEFURNISHINGSLLC,801-566-2424
TWOCRAFTYSQUIRRELS,801-706-6708
TYNDALLFURNITUREGALLERIES,801-731-0000
ULTIMATEFURNITURE,801-731-5400
UNCLAIMEDFREIGHTCOMPANY,801-748-4040
UNCLAIMEDFURNITURE,801-825-1311
UNDERPRICEDFURNITURE,801-830-3527
UNIQUEFURNITURE,801-965-3791
UNITEDFURNITURE,803-226-4811
UNIVERSALGALLERYFURNITURE,803-276-6007
UNIVERSALINDUSTRIESLLC,803-469-8733
UNLIMITEDFURNITURE,803-532-9273
UP2USFURNITURE,803-652-2521
URBANFURNITUREDESIGN,803-779-5123
URBANHOME-CONTAINERACCT,803-854-3350
URBANLIVING,803-957-7999
UTAHFURNITUREDIRECT,804-249-4444
VWATTSFURNITUREINC,804-347-8804
VALERIEFURNITUREINC,804-732-7631
VALLEJOFURNITUREGALLERIES,804-784-7600
VALLEYFURNITURE,805-238-3242
VALLEYFURNITURE-CA,805-464-0420
VALLEYFURNITURE-SAFFORD,805-485-2670
VELAZQUEZFURNITURE,805-489-4277
VENETIANFURNITURE,805-520-8026
VENICEAUCTIONCOINCTHE,805-527-4488
VEROFURNITUREMART,805-544-7491
VFIMPORTS,805-581-6305
VICARSFURNITURE,805-584-9038
VILLAGEFURNITUREGALLERIES,805-604-0909
VINTAGEOAK,805-654-1200
VISIONSINFURNITURE,805-815-2400
WSGOFFCOMPANYINC,805-928-6101
WCCFURNITUREINC,805-988-0877
WAGONYARD,806-244-5551
WALKERFURNITURE,806-274-6881
WALTERESMITHEFURNITURE,806-358-7288
WAREHOUSEFURNITUREOUTLET,806-665-1623
WAYSIDEFURNITUREINC,806-747-7400
WEATHERBYSFURNITUREGUILD,810-225-4944
WEIRFURNITUREVILLAGEINC,810-820-8783
WENZFURNITURE,812-205-2746
WESULMOINTERIORDESIGNLLC,812-232-9659
WESTERNHERITAGE/DESIGNCTR,812-476-8787
WESTERNLIVIINGINC,812-522-2397
WESTSIDEFURNITURE,812-944-2285
WHIT-ASH,813-609-3985
WHITEFURNITURECOMPANYINC,813-623-5400
WICHITAFURNITUREINC,813-626-2297
WICKMANSLIFESTYLEFURNITURE,813-717-7895
WIGGINSFURNITUREINC,814-432-3193
WILCOXFURNITURE,814-437-7823
WILEYSHOMECENTERINC,814-725-4602
WILLIAMSFURNITUREBEDDING,815-469-1200
WILLIAMSFURNITURECOINC,815-788-7400
WILLIAMSONSFURNITUREINC,816-776-2555
WINDMILLFURNITUREGALLERY,817-244-3371
WOLFFURNITURE-HAYSKS,817-277-8441
WOODCHUCKSCOUNTRYSTORE,817-424-8800
WOODLEYSFINEFURNITURE,817-573-2604
WOODSFURNITURE,817-573-5321
WOODSELLERPARKWAYFURNITURE,817-594-4051
WOODSHEDFURNITURE,818-245-8444
WOODSTOCKFURNITURE(MS),818-342-2600
WOODSTOCKFURNITUREOUTLET,818-369-8296
WRIGHTFURNITURE-GONZALES,818-500-3500
XPRESSFURNISHINGSLLC,818-597-7800
YALETOWNINTERIORS,818-753-4510
YATESTRACKSIDEFURNITURE,818-881-3114
YETZERSHOMEFURNISHINGS,818-904-9414
YUBACITYFURNITURE,818-991-4800
ZAKS,818-993-6339
ARDINGERS(AMI),828-261-0861
ATHOMEFURNITURE(AMI),828-369-5451
BAKERFURNITURE-BAKER(AMI),828-396-1942
BAKERFURNITURE-BOWMAN(AMI),828-396-2361
BILLMANSHOMEDECOR(AMI),828-396-2900
BITNEYSFURNITURE(AMI),828-669-0075
BITTERROOTFURNITURE(AMI),828-669-5000
BOZEMANTVFURNAPPL(AMI),828-879-3000
BUDGETFURNITURE(AMI),830-393-2505
CASCADEFURNITURE(AMI),830-629-4107
COZYHOMEFURNISHINGS(AMI),830-798-9800
CROWNFURNITURE(AMI),830-895-5311
DILMARTTHE(AMI),830-992-3900
EDWARDSFURNITURE(AMI),830-992-3900
EDWARDSFURNITURE(AMI),831-751-3200
EKLUNDSFURNITURE(AMI),831-754-0631
EVERTONMATTFURNGALL(AMI),831-758-8433
FISCHERFURNITURE(AMI),832-466-5233
FITTERERSFURN(AMI)-MAIL,843-249-1882
FITTERERSFURNITURE(AMI),843-294-9994
FTMORGANFURNITURE(AMI),843-378-4541
FURNITURECENTER(AMI),843-549-2814
FURNITURELEADERS(AMI),843-553-4663
FURNITUREWAREHOUSE(AMI),843-651-2847
FURNITUREWEST(AMI),843-669-8513
FURNITUREWEST-WA(AMI),843-761-8268
GREATAMERICANHOMEFURN(AMI),843-774-8255
GROVESFURNBEDROOM(AMI),843-815-5080
GYSLERFURNITURE(AMI),843-987-0066
HANSENSFURNITURE(AMI),845-204-9090
HARBORLIGHTFURNFLRNG(AMI),845-425-7444
HASKELLFURNITURE(AMI),847-543-1900
HASKELLFURNITURE(AMI),856-478-2088
HASKELLFURNITURE(AMI),856-725-7791
HOMEPLUS(AMI),858-547-1616   328
JOHNSONFURNITURE(AMI),859-269-4393
KARLSINC-HURON(AMI),859-554-4590
KARLSINC-NORTHPLATT(AMI),860-276-0030
KARLSINC-SPEARFISH(AMI),860-289-8000
KOVASHFURNITURE(AMI),862-210-8590
LINDSLEYSHOMEFURN(AMI),863-293-1875
LIVINGROOMTHE(AMI),863-402-1688
MANAGHANSFURNITURE(AMI),863-683-5054
MATTRESSLANDUSAINC(AMI),863-967-0237
MONTGOMERYSFURN-MITCH(AMI),864-234-2151
MONTGOMERYSFURN-ALEX(AMI),864-286-9998
MOSSHOLDERFURNITURE(AMI),864-297-5595
NELSENFURNITURE(AMI),864-338-7751
OAKHOUSETHE(AMI),864-422-1333
OAKRIDGEFURNITURE(AMI),864-442-6054
OAKRIDGEHOMEFURNISHINGS(AMI),864-848-9677
RUCKERSFURNSHOWROOM(AMI),865-453-3620
RUCKERSFURNSHOWROOM(AMI),865-670-1101
RUDESHOMEFURNISHINGS(AMI),865-688-5215
SANDPOINTFURNITURE(AMI),865-693-1291
SERVURSELFFURNITURE(AMI),865-922-4828
SKAGGSFURNITURE(AMI),866-633-4094 X 8875
SPENCERFURNITURE(AMI),866-794-2030
STMICHELFURN-BEM(AMI),866-912-9717
STMICHELFURN-DLAKE(AMI),868-658-2707
STMICHELFURN-BOTT(AMI),870-236-6464
STMICHELFURN-RUGBY(AMI),870-307-0331
STARFURNITURE(AMI),870-761-4719
STEELESINC(AMI),870-763-1257
STEELESINC(AMI),870-763-4409
SULLIVANSFURNITURE(AMI),870-931-9000
TOTALHOMETHE(AMI),877-225-0804
WIERFURNITURE(AMI),877-266-7300
WILSONSFURNITURE(AMI),888-822-4033
WORLDWIDEWOODSINC(AMI),901-465-3971
ANNSINTERIORMOTIVES,901-476-8632
FULLCIRCLEINTERIORDESIGN,901-672-8430
INTERIORDECORATINGCOMPANYINC,901-794-4437
KAROLSKREATIONS,901-861-1202
KELLYQUINNDESIGNS,903-593-4161
LAWHOLESALEFURNISHINGS,903-851-3633
LENOXHILLINTERIORS,904-264-5464
LUTHERAPPLIANCEFURNSALES,904-389-1212
MARIANNESTERNINTERIORS,904-646-5535
MARYTHERRINTERIORS,904-751-7555
MFASSOCIATESINC,904-880-0090
OROSCODESIGNINC,905-948-8647
PACIFICCOASTHOMEINTERIORS,907-486-5554
PALOMASINTERIORS,907-747-8558
QUALITYLUMBER,908-246-1880
SKYLINEDESIGNSTUDIO,908-420-9592
SUEKEMPDESIGNSINC,908-862-1500
TERRANCEMASONINTERIORS,908-964-3900
VAILDESIGN,909-321-6683
ADCOCKFURNITURE,909-356-2105
ALADDINHOMESTORE,909-421-9010
ANDREWSFURNITURE,909-593-4964
ARNOLDSHOMEFURNISHINGS,909-594-8855
BEARSFURNITURE,909-627-5707
BELFORTFURNITUREINC,909-820-7190
BEWLEYSFURNITURECOINC,909-866-2621
BLOCKERSFURNITURECARPETS,909-881-2500
BOSTICSUGGFURNITURE,909-923-7474
BROWNSQUIRREL,909-933-6902
BURKEFURNITURE,909-941-8393
BUTTERWORTHSFURNITURE,909-948-8881
CARDISFURNITURE,909-987-6633
COCONISFURNITURE,910-640-2900
CONNOLLYSFURNITURE,910-755-6992
DAVIDSFURNITURE-HARRISBURG,910-864-5533
DEANBOSLERSFURNITURE,910-864-5660
DESIGNERFURNITUREGALLERY,910-878-1581
DOERRFURNITURE,912-265-0341
ERICKSONFURNITURECOINC,912-283-6350
ERNIESINCERESCO,912-537-4644
EXCLUSIVEFURNITURELP,912-826-2932
FASHIONFURNITURE,913-829-3365
FREEDSHOMEFURNISHINGS,915-774-0295
FRONTROOMFURNISHINGSLLC,915-775-0000
FURNITURESOLUTIONS-DE,915-778-6515
GARDENCITYFURNITURECOINC,915-781-3300
GARRISONSHOMEFURNISHINGS,916-231-0389
GATESHOMEFURNISHINGS,916-285-5457
GREATDEALSONFURNITUREINC,916-353-5000
HATCHFURNITURE,916-372-1144
HINELINEHOMEFURNISHINGSINC,916-386-4941
HOMELIVING,916-391-5333
HOWELLFURNITURECO(TX),916-392-3490
HURWITZ-MINTZ,916-476-4851
INDIANRIVERFURNITUREINC,916-478-4420
INFINGERFURNITURE,916-635-8585
JERNIGANFURNITURE,916-638-2620
JOESFURNITURECOINC,916-712-1111
JORDANS,916-739-0501
KEMPERHOMEFURNISHINGS,916-745-2131
KLOPFENSTEINHOMEROOMS,916-783-8400
KOERNERFURNITURE(AMI),916-837-5944
KRAAIFURNITURE,916-851-9100
LARRABEESHOMEFURNISHINGS,916-922-6833
LOTTFURNITUREOFMCCOMBINC,917-335-3849
LUCASHOMEFURNISHINGS,918-369-3305
MJACOBSFURNITURE,918-426-6111
MATTERBROTHERS-FTMYERS,918-431-1375
MAYNARDSHOMEFURNISHINGS,918-437-2937
MICHAELALANFURNISHINGS,918-652-3381
MILLERWALDROPFURNITURE,918-689-1771
MONTGOMERYSFURNITUREINC,919-477-0481
MOORESFURNITURE,919-571-7137
OLDBRICKFURNITURECOTHE,919-735-2543
OSMONDDESIGNS,919-789-9111
PILGRIMFURNITURECITY,920-406-1800
PLANTATIONFURNITURE,925-245-0257
QUALITYFURNITURE,925-525-9284
REFLECTIONSHOMEFURNISHINGS,925-778-9033
RILEYSFURNITURE,925-961-1368
ROSSOSFURNITURE,928-221-1487
ROTMANSFURNITURE,928-227-3879
RUSSELLSFURNITURE-RUSNAK,928-344-0640
SAMUELSFURNITURE,928-348-9340
SCHMITTFURNITURE,928-476-3641
SEIFERTSFURNITURE,928-718-5500
SHEELYSFURNITURE,928-727-2046
STACYFURNITURE,928-768-5494
STONEBARNFURNITURE,928-774-2752
STORYLEE,928-778-7593
SWEATSFURNITURE,928-855-6067
TALSMAFURNITURE,931-433-2582
TINROOF(THE)FORMERLYACMET,931-484-2537
TRACYSFURNITURE,931-526-3813
TRIVETTSFURNITURE,931-649-5461
TURNERFINEFURNITURE,931-852-2111
TURNERFURNITURECOMPANY,936-441-1959
TYSONFURNITURE,936-825-6441
VERMEULENFURNITUREINC,937-847-2113
WESTRICHHOMEFURNISHINGSINC,937-874-7100
WRIGHTFURNITUREINC,937-882-6342
OLUMSOFBINGHAMTONINC(FMG,941-485-4964
WEEKENDSONLYINC(FMG),941-493-3903
EXPRESSIONSINDESIGN,941-625-4661
FURNITUREMART-FTMORGAN(FS),941-925-1131
MIDWAYAPPLIANCE(FS),949-206-9670
PHILLIPSHOMEFURNISHINGS,949-248-9772
TEXASINTEGRATEDSYSTEMS(NW),949-305-9810
TURNERPIERCEFULTZ,951-201-3378
AARONSFINEFURNITURE(GE),951-217-3916
APPLFURNMART(GE-CS),951-277-2857
CASABELLAHOMEFURN(GE-CS),951-351-9911
GMRIDDLEENTERPRISES(GE-CS),951-637-1215
HOELSCHERSFURNITURE,951-652-8833
KAMINFURNITURECO(GE-CS),951-678-1100
KZAUDIO(GE-CS),951-696-0880
MALCHOWSFURNITURE(GE-BS)FS1,951-698-6900
VOSSTVAPPL(GE-BS),951-924-4777
WHITMIRESFURNITURE(GE-CS),952-442-4242
AFASTORES,952-935-0300
BEAROGILVYINC,954-416-5000
CRFURNITURELLC,954-584-2151
DYNAMICHOMETHEATER,954-946-8001
EWAYFURNITURECOM(PALLET),956-584-4500
FIGSTORES,956-783-7517
FIVESTARSOURCE,956-968-8600
FURNITUREMORE(ECOMM),960-962-0100
FURNITURECART,970-252-8844
GOEDEKERSCOM,970-461-5790
HAYNEEDLEINC(NETSHOPS),970-470-0655
HOMECINEMACENTER(ECOMMERCE),970-867-4609
HOMEGALLERYSTORES,970-867-5811
HOMELEMENTLLC,972-788-1802
IVGSTORES,972-788-9363
LOCALFURNITUREOUTLET(ECOM),973-589-6549
NATIONALFURNITURESUPPLY,973-636-9406 X 5101
OFFICEFURNITURECOM,973-785-0316
QUALITYFURNITUREDISCOUNTS(ECOM),973-831-8311
RENEGADEFURNITUREGROUPINC,973-927-1300
SHOPFACTORYDIRECTINC,978-730-8636
SIMPLESTORESINCTHE,985-285-1357
SSTLCOM,985-447-5966
TEAMNATIONALFACTORYDIRECT,985-594-7766
UNLIMITED(SSTL-ECOM),985-851-2443
UNLIMITEDFURNITURE(ECOMM),985-871-0300
VONFURNITUREENTERPRISES,989-344-9191
W-DSTORESLLCWAREHSEDIRECT,
WAYFAIR(CSNSTORESINC)WG,
DAVIDSTVAPPLIANCE(FS),
FURNITUREDEPOT-CHICO,
HOMECOLLECTIONS,
HOMESTARSINC,
WILSONSOFREDMOND,
DIRECTBUY,
